Time elapsed,Signal,Attention,Meditation,EEG delta, EEG theta,EEG low alpha,EEG high alpha,EEG low beta,EEG high beta,EEG low gamma,EEG mid gamma,Raw
0.0337601,0,43,90,747076,213200,107147,10013,4072,118664,2478,825715,71|-41|-116|-135|-107|-45|55|185|257|219|117|2|-87|-131|-123|-78|17|149|244|246|170|55
0.0666656,0,43,90,747076,213200,107147,10013,4072,118664,2478,825715,-52|-118
0.100777,0,51,96,269228,325807,253544,14019,18865,78733,2655,808242,-120|-66|34|156|273|310|250|136|10|-72|-91|-54|38|153|240|260|214|121|19|-67|-116|-109|-41|74|189|252|230|138
0.13488,0,51,96,269228,325807,253544,14019,18865,78733,2655,808242,22|-75|-130|-123|-62|39|166|252|262|198|97|0|-74|-116|-89|5|124|219|259|220|123
0.168243,0,51,96,269228,325807,253544,14019,18865,78733,2655,808242,16|-68|-101
0.20311,0,51,96,269228,325807,253544,14019,18865,78733,2655,808242,-72|1|109|218|277|258|169|42|-70|-109|-69|2|85|167|233|241|169|40|-90|-170|-173|-117|-9|113|196|216|169|77|-19|-86|-113|-88
0.236427,0,51,96,269228,325807,253544,14019,18865,78733,2655,808242,-3|124|234|269|231|139|36|-53
0.270988,0,51,96,269228,325807,253544,14019,18865,78733,2655,808242,-99|-71|3|108|218|288|263|164|42|-51|-93|-89|-43|55|180|272
0.304581,0,51,96,269228,325807,253544,14019,18865,78733,2655,808242,268|186|89|2|-54|-59|-6|77|181|256|263|212|131|37|-58|-123|-106|-19|112|221|263|227|133|34
0.338509,0,51,96,269228,325807,253544,14019,18865,78733,2655,808242,-39|-81|-75|-18|90|213|289|276|193|82|-26|-102|-107|-55|41|165|265|281|211|103|-4|-90|-124|-90
0.372246,0,51,96,269228,325807,253544,14019,18865,78733,2655,808242,-1|117|217|240|165
0.406693,0,51,96,269228,325807,253544,14019,18865,78733,2655,808242,54|-34|-85|-91|-68|-4|98|209|292|292|189|39|-82|-125|-87|-4|107|224|283
0.440765,0,51,96,269228,325807,253544,14019,18865,78733,2655,808242,260|171|70|-5|-57|-87|-78|-6|122|230|246|177|70|-28|-104|-132|-113|-40|68|166|210|178|84|-18
0.473885,0,51,96,269228,325807,253544,14019,18865,78733,2655,808242,-89|-118|-93|-23|81|183|243|235|163|52|-39|-91|-97|-42|56|172
0.507767,0,51,96,269228,325807,253544,14019,18865,78733,2655,808242,241|247|197|102|6|-67|-104|-84
0.541512,0,51,96,269228,325807,253544,14019,18865,78733,2655,808242,6|137|245|281|234|120|-6|-89|-120|-103|-37|76|198|252|217|114|3|-75|-130|-140|-82|50|182|251
0.575623,0,51,96,269228,325807,253544,14019,18865,78733,2655,808242,243|167|61|-51|-133|-156|-104|23|179|279|276|214|157|103|35|-8|-18|20|92|156|186|173|121|49
0.609413,0,51,96,269228,325807,253544,14019,18865,78733,2655,808242,-20|-49|-12|50|107|150|163|134
0.643524,0,51,96,269228,325807,253544,14019,18865,78733,2655,808242,84|12|-46|-59|-20|38|90|117|122|105|64|2|-56|-81|-68|-36
0.67804,0,51,96,269228,325807,253544,14019,18865,78733,2655,808242,12|73|130|152|136|84|16|-26|-24|5|43|72|99|133|140|101|32|-26|-43|-26|-6|26|81|125|136|108|53|2|-8
0.71138,0,51,96,269228,325807,253544,14019,18865,78733,2655,808242,19|69|112
0.745422,0,51,96,269228,325807,253544,14019,18865,78733,2655,808242,150|182|182|144|73|1|-41|-33|11|58|103|150|157|117|50|-27|-65|-42|-2|41|97|141|160|149
0.779999,0,51,96,269228,325807,253544,14019,18865,78733,2655,808242,120|86|43|9|19|74|132|160|171|179|177|123|36|-20|10|91|145|171|203|210|181|136|92|59
0.812859,0,51,96,269228,325807,253544,14019,18865,78733,2655,808242,42|75|153|251|336|400|418|384|344|336|358|408|468
0.846954,0,51,96,269228,325807,253544,14019,18865,78733,2655,808242,519|546|550|538|497|417|330|261|202|186|228
0.880814,0,51,96,269228,325807,253544,14019,18865,78733,2655,808242,283|308|282|198|84|-10|-57|-74|-87|-97|-86|-56|-38|-60|-114|-178|-252|-323|-342|-299|-234|-189|-187|-227
0.913879,0,51,96,269228,325807,253544,14019,18865,78733,2655,808242,-286|-341|-366|-374|-365|-330|-275|-227|-197|-183|-204|-261|-308|-318|-305|-264|-196|-124|-74|-46|-42|-81|-138|-166
0.947342,0,51,96,269228,325807,253544,14019,18865,78733,2655,808242,-152|-119|-73|-27|13
0.981895,0,51,96,269228,325807,253544,14019,18865,78733,2655,808242,52|60|26|-28|-77|-87|-45|-4|23|55|85|81|45|16|-3|-20|-18|20|74
1.01558,0,51,96,269228,325807,253544,14019,18865,78733,2655,808242,114|131|125|90|36|-17|-41|-22|26|82|122|156|156|119|80|49|23|24|52|92|150|203|213|173
1.04991,0,51,96,269228,325807,253544,14019,18865,78733,2655,808242,105|34|-11|-12|23|70|118|162|171|162|153|123|65|19|25|90
1.08319,0,57,81,209058,79939,10646,6153,4918,8418,489,117722,167|198|187
1.11701,0,57,81,209058,79939,10646,6153,4918,8418,489,117722,166|130|70|26|23|55|112|166|214|245|240|208|165|119|68|35|53|107|162|194|208|193|150|85|22|-1|23|73|120|149|160|146|116
1.15086,0,57,81,209058,79939,10646,6153,4918,8418,489,117722,83|43|13|33|81|128|166|188|181|154|116|70|39|37|51|76|119|156|181|166|103
1.1843,0,57,81,209058,79939,10646,6153,4918,8418,489,117722,32|-8
1.21835,0,57,81,209058,79939,10646,6153,4918,8418,489,117722,-4|32|80|122|153|173|167|113|45|11|13|41|68|102|150|202|220|182|90|-8|-74|-71|-12|61
1.25257,0,57,81,209058,79939,10646,6153,4918,8418,489,117722,131|181|197|182|137|66|1|-11|3|10|32|80|132|152|118|49|-20|-66|-39|43|108|141|147|133
1.28619,0,57,81,209058,79939,10646,6153,4918,8418,489,117722,120|97|60|44|71|137|200|240|258|245|189|117|36|-17
1.32076,0,57,81,209058,79939,10646,6153,4918,8418,489,117722,-12|34|105|179|218|211|171|129|72|11
1.35479,0,57,81,209058,79939,10646,6153,4918,8418,489,117722,-8|19|76|135|173|194|187|162|107|38|19|69|141|202|256|280|273|229|170|128|73|22|33|116
1.38788,0,57,81,209058,79939,10646,6153,4918,8418,489,117722,210|258|250|211|152|103|73|51|44|88|150|178|166|138|103|71|43|10|-2|22|69
1.42187,0,57,81,209058,79939,10646,6153,4918,8418,489,117722,123|154|141|96|36|-9|-29|-6|26
1.45476,0,57,81,209058,79939,10646,6153,4918,8418,489,117722,59|119|176|168|104|37|12|3|-9|-2|24|60|96|122|120|73|11|-18|-8|17|40|72|115|147
1.48814,0,57,81,209058,79939,10646,6153,4918,8418,489,117722,139|93|39|2|-23|-39|-8|55|118|167
1.52249,0,57,81,209058,79939,10646,6153,4918,8418,489,117722,186|160|100|24|-33|-40|-3|55|118|153|152|107|36|-17|-49|-73|-66|-8|70|137|173|154|88|23
1.55687,0,57,81,209058,79939,10646,6153,4918,8418,489,117722,-17|-27|-17|23|92|145|164|153|114|58|6|-21|-10|29|85|137|173|163|122|84|35
1.59103,0,57,81,209058,79939,10646,6153,4918,8418,489,117722,-13|-34|-6|57
1.62442,0,57,81,209058,79939,10646,6153,4918,8418,489,117722,116|146|146|108|43|-23|-62|-59|-28|27|98|139|140|107|59|19|-14|-38|-39|-4|55|115|134
1.65855,0,57,81,209058,79939,10646,6153,4918,8418,489,117722,113|72|38|16|1|12|51|104|150|134|82|39|19|-12|-53|-58|-20|41|102|131|117|53|-21|-57
1.69265,0,57,81,209058,79939,10646,6153,4918,8418,489,117722,-74|-85|-74|-18|64|119|119|89|51|4|-39|-83|-90|-55|3|54
1.72666,0,57,81,209058,79939,10646,6153,4918,8418,489,117722,81|68|41|34|18|-27|-81|-77
1.76049,0,57,81,209058,79939,10646,6153,4918,8418,489,117722,-2|85|123|123|121|96|26|-27|-40|-18|23|75|124|147|123|75|23|-19|-44|-40|-8|40|72|81
1.79433,0,57,81,209058,79939,10646,6153,4918,8418,489,117722,84|74|36|-11|-42|-37|0|54|106|141|145|107|52|-11|-56|-60|-21|24|52|69|70|50|-2|-56|-88
1.82771,0,57,81,209058,79939,10646,6153,4918,8418,489,117722,-107|-88|-35|23|64
1.86111,0,57,81,209058,79939,10646,6153,4918,8418,489,117722,75|72|42|-12|-85|-123|-117|-68|6|76|115|109|68|17|-22|-44|-50|-19
1.89442,0,57,81,209058,79939,10646,6153,4918,8418,489,117722,39|81|92|88|76|71|42|-10|-49|-27|27|87|134|146|102|22|-39|-55|-27|1|19|39|88|149
1.92773,0,57,81,209058,79939,10646,6153,4918,8418,489,117722,152|76|-9|-45|-29|6|38|67|120|163|164|123|57|-4|-37|-34
1.96108,0,57,81,209058,79939,10646,6153,4918,8418,489,117722,-12|13|56|105|124|97|33|-12
1.99426,0,57,81,209058,79939,10646,6153,4918,8418,489,117722,-22|-19|-9|25|86|150|196|180|116|53|21|17|28|61|106|152|179|167|129|72|24|2|7|42
2.02894,0,57,81,209058,79939,10646,6153,4918,8418,489,117722,102|151|171|168|136|76|9|-27|-8|34|66|91|112|116|101|69|24|-37|-71|-56|-12|38|86|113
2.06252,0,57,81,209058,79939,10646,6153,4918,8418,489,117722,97|45|-13|-52|-56
2.09621,0,57,66,82938,32311,1108,2039,1832,1762,703,51292,-27|21|74|118|149|141|96|50|4|-40|-59|-43|2|59|102|112|74|24|-7|-21|-18|6|57
2.12924,0,57,66,82938,32311,1108,2039,1832,1762,703,51292,129|187|202|172|114|53|22|9|16|38|86|139|170|155|105|53|11|-9|-21|-22|4|74|153|162
2.16355,0,57,66,82938,32311,1108,2039,1832,1762,703,51292,88|18|-6|-7|7|37|74|118
2.19758,0,57,66,82938,32311,1108,2039,1832,1762,703,51292,157|170|148|99|39
2.23203,0,57,66,82938,32311,1108,2039,1832,1762,703,51292,-7|-28|-28|-4|48|102|133|129|92|39|-10|-23|-1|36|69|97|123|140|103|39|-4|-17|-3|33|75|121|157|147|85|13|-21|-24|-11|-4|20
2.26585,0,57,66,82938,32311,1108,2039,1832,1762,703,51292,81|133|137|108|71|17|-25|-36|-8|38|91|147|178|155|108|66|33|5|8|58|120|154|178|182
2.29934,0,57,66,82938,32311,1108,2039,1832,1762,703,51292,152|105|81|69|77
2.33351,0,57,66,82938,32311,1108,2039,1832,1762,703,51292,130|210|291|358|362|295|217|184|171|154|146|172|240|296|311|281|217|137|91
2.36777,0,57,66,82938,32311,1108,2039,1832,1762,703,51292,87|99|130|176|214|232|220|184|148|119|98|84|88|105|144|202|221|179|106|49|25|26|41|69
2.4016,0,57,66,82938,32311,1108,2039,1832,1762,703,51292,106|151|167|131|65|12|-5|-17|-9|32|102|164|179|148|96|43
2.436,0,57,66,82938,32311,1108,2039,1832,1762,703,51292,-1|-42|-55|-36|8|55|82|71
2.46999,0,57,66,82938,32311,1108,2039,1832,1762,703,51292,26|-20|-61|-92|-99|-77|-34|7|28|24|5|-25|-68|-105|-123|-103|-70|-44|-28|-20|-28|-72|-125|-152
2.50352,0,57,66,82938,32311,1108,2039,1832,1762,703,51292,-150|-121|-70|-18|33|74|73|35|-18|-67|-97|-87|-41|22|82|112|117|87|25|-33|-54|-55|-44|-6
2.53757,0,57,66,82938,32311,1108,2039,1832,1762,703,51292,68|147|184|155|90|29|4|2|20|48|84|128|152
2.57215,0,57,66,82938,32311,1108,2039,1832,1762,703,51292,140|87|23|-3|-7|-8|16|55|99|145|144
2.60631,0,57,66,82938,32311,1108,2039,1832,1762,703,51292,88|17|-33|-49|-30|5|65|124|147|137|102|56|10|-36|-61|-41|10|81|138|150|115|64|4|-33
2.64075,0,57,66,82938,32311,1108,2039,1832,1762,703,51292,-34|-5|24|45|88
2.67455,0,57,66,82938,32311,1108,2039,1832,1762,703,51292,132|148|113|36|-36|-65|-40|0|52|120|149|105|27|-37|-59|-56|-57|-52|-3|65|112|121|109|60
2.70858,0,57,66,82938,32311,1108,2039,1832,1762,703,51292,-7|-40|-19|34|96|156|199|197|149|88|33|-3|-1|28|67|119|166|178|147
2.74292,0,57,66,82938,32311,1108,2039,1832,1762,703,51292,81|34|17|4|18|64|117|168|194|179|122|41|-23|-42|-37|-10
2.77621,0,57,66,82938,32311,1108,2039,1832,1762,703,51292,35|100|153|149|104|65|33|0|-34|-29|21|75|91|89|85|44|-21|-67|-69|-42|-8|27|76|107
2.81061,0,57,66,82938,32311,1108,2039,1832,1762,703,51292,105|73|21|-30|-61|-70|-50|6|81|135|148|117|55|1|-21|-25|-17|4|54|117|139
2.84518,0,57,66,82938,32311,1108,2039,1832,1762,703,51292,107|67|48
2.87895,0,57,66,82938,32311,1108,2039,1832,1762,703,51292,23|0|-8|11|60|119|162|165|120|58|12|-2|2|23|56|102|135|128|88|48|1|-39|-54|-28
2.9118,0,57,66,82938,32311,1108,2039,1832,1762,703,51292,36|96|118|113|97|72|34|1|-7|1|51|130|177|170|136|98|58|5|-39|-40|-5|38|77|108
2.94514,0,57,66,82938,32311,1108,2039,1832,1762,703,51292,108|73|23|-17|-33|-20|-11|10|69|120|120|61|-6
2.9785,0,57,66,82938,32311,1108,2039,1832,1762,703,51292,-43|-51|-38|-18|10|55|108|136|116|67|21
3.01188,0,57,66,82938,32311,1108,2039,1832,1762,703,51292,-20|-56|-54|-3|60|116|139|129|96|51|10|-9|-7|34|88|134|161|147|98|39|-2|-21|-24|-11
3.04449,0,43,64,808583,226545,45624,30434,30013,28124,3563,763735,12|48|90|132|137|99|57|43|64|97|129|149|185|221|203|139|56|-2|-8
3.07858,0,43,64,808583,226545,45624,30434,30013,28124,3563,763735,17|54|91|92|84|100|100|57
3.11198,0,43,64,808583,226545,45624,30434,30013,28124,3563,763735,0|-30|-23|27|105|168|189|166|112|57|32|17|3|9|27|57|96|119|106|43|-20|-44|-37|-13
3.14453,0,43,64,808583,226545,45624,30434,30013,28124,3563,763735,16|76|137|160|140|89|26|-23|-35|2|56|100|149|192|193|162|107|57|39|44|55|82
3.17849,0,43,64,808583,226545,45624,30434,30013,28124,3563,763735,121|149|144|116|69|23|7|25|58|86
3.21208,0,43,64,808583,226545,45624,30434,30013,28124,3563,763735,129|184|205|168|107|48|8|-7|9|72|146|201|217|179|121|74|29|-6|-24|-13|32|105|176|203
3.24541,0,43,64,808583,226545,45624,30434,30013,28124,3563,763735,165|72|7|-4|18
3.27834,0,43,64,808583,226545,45624,30434,30013,28124,3563,763735,51|76|116|156|176|150|90|35|0|-13|6|55|105|145|164|146|102|51|12|0|-4|16|69|138|178|162|106|44
3.31216,0,43,64,808583,226545,45624,30434,30013,28124,3563,763735,-1|-21|-20|7|65|132|177|176|133|80|49|20|-1|24|97|172|211|196|152|101|57
3.34649,0,43,64,808583,226545,45624,30434,30013,28124,3563,763735,17|-10|-1
3.3804,0,43,64,808583,226545,45624,30434,30013,28124,3563,763735,48|114|163|183|166|115|49|-1|-21|-12|7|55|119|166|156|91|17|-19|-4|6|9|48|104
3.41421,0,43,64,808583,226545,45624,30434,30013,28124,3563,763735,150|161|122|57|8|-17|-19|12|56|106|151|165|145|101|48|-4|-28|-11|40|100|137|162|169|133
3.44866,0,43,64,808583,226545,45624,30434,30013,28124,3563,763735,64|18|0|-10|-3|29|90|154|187|177|112|27|-13|6
3.48232,0,43,64,808583,226545,45624,30434,30013,28124,3563,763735,58|105|136|176|211|195|123|65|43|27
3.51665,0,43,64,808583,226545,45624,30434,30013,28124,3563,763735,22|42|89|132|147|130|92|44|-2|-27|-21|17|68|121|150|134|80|7|-49|-72|-52|-3|36|61
3.55035,0,43,64,808583,226545,45624,30434,30013,28124,3563,763735,98|122|113|55|-7|-40|-40|-21|16|72|135|151|99|37|7|-23|-43
3.58437,0,43,64,808583,226545,45624,30434,30013,28124,3563,763735,-26|12|68|125|148|121|68|17|-10|-21|-17|1|42|99|141|139|93|26|-23|-54|-55|-18|33
3.61855,0,43,64,808583,226545,45624,30434,30013,28124,3563,763735,87|135|154|120|27|-56|-62|1|73|117|148|197|237|217
3.65278,0,43,64,808583,226545,45624,30434,30013,28124,3563,763735,135|38|-27|-59|-50|5|85|147|165|145
3.68623,0,43,64,808583,226545,45624,30434,30013,28124,3563,763735,85|4|-37|-29|-6|19|53|98|141|156|116|39|-25|-52|-45|-13|36|84|114|115|86|44|9|-11
3.7206,0,43,64,808583,226545,45624,30434,30013,28124,3563,763735,-19|-1|34|75|121|138|120|83|37|-10|-44|-45|-11|52|133|182|179|128|58|6|-10|-5|24|77
3.75469,0,43,64,808583,226545,45624,30434,30013,28124,3563,763735,129|151|150|116|72|36
3.78843,0,43,64,808583,226545,45624,30434,30013,28124,3563,763735,6|-4|6|35|83|136|162|137|84|32|-21|-46|-23|36|91|122|134|122
3.82211,0,43,64,808583,226545,45624,30434,30013,28124,3563,763735,85|40|8|-3|-2|29|93|164|202|204|153|71|10|-2|4|11|24|59|104|128|101|42|-13|-54
3.85547,0,43,64,808583,226545,45624,30434,30013,28124,3563,763735,-55|-21|24|75|139|180|164|107|49|6|-13|-8|37|101|151|164
3.88956,0,43,64,808583,226545,45624,30434,30013,28124,3563,763735,137|97|64|24|-20|-29|9|61
3.92353,0,43,64,808583,226545,45624,30434,30013,28124,3563,763735,97|132|153|149|114|56|12|16|51|113|171|192|168|128|89|52|10|-13|-6|25|66|103|109|77
3.95747,0,43,64,808583,226545,45624,30434,30013,28124,3563,763735,35|13|0|-22|-12|34|89|130|144|131|87|24|-20|-29|-10|32|77|129|163|155|102|34|-9|-5
3.99176,0,43,64,808583,226545,45624,30434,30013,28124,3563,763735,23|55|89|136|177|192|180|135|71|16|3|24|66
4.0261,0,43,64,808583,226545,45624,30434,30013,28124,3563,763735,113|134|114|76|53|20|-12|-27|-18|21|86|140|149|121|80|37|3|6|40
4.05958,0,43,64,808583,226545,45624,30434,30013,28124,3563,763735,72|108|149|173|183|166|122|74
4.0929,0,29,63,183733,11220,6700,1224,1403,774,347,53442,42|29|39|81|139|187|199|153|86|42|7|-21|-26|5|69|138|173|150|89|33
4.1256,0,29,63,183733,11220,6700,1224,1403,774,347,53442,-13|-45|-54|-35|11|93|165|172|136|99|83|76|84|113|164|203|236|265|250|187|121|84|81|102
4.15977,0,29,63,183733,11220,6700,1224,1403,774,347,53442,137|184|226|241|211
4.19404,0,29,63,183733,11220,6700,1224,1403,774,347,53442,172|145|122|118|138|177|214|259|298|298|246|170|108|75|68|81|122|189|236|232|200|149|88|23|-4|36|120
4.22745,0,29,63,183733,11220,6700,1224,1403,774,347,53442,198|235|230|194|138|75|32|16|28|60|105|149|186|189|139|67|-1|-54|-76|-53|-1|56|91|82
4.26141,0,29,63,183733,11220,6700,1224,1403,774,347,53442,33|-33|-102|-149|-151|-113|-55|-17
4.29507,0,29,63,183733,11220,6700,1224,1403,774,347,53442,0|5|-17|-71|-141|-205|-220|-158|-78|-36|-22|-18|-8|-14|-54|-104
4.32896,0,29,63,183733,11220,6700,1224,1403,774,347,53442,-133|-108|-54|-3|36|74|86|40|-41|-102|-108|-77|-21|35|68|86|81|52|-7|-77|-121|-118|-82|-33
4.36154,0,29,63,183733,11220,6700,1224,1403,774,347,53442,19|66|91|73|20|-19|-25|-29|-23|23|101|170|182|134|82|37|-3|-35|-57|-52|6
4.39515,0,29,63,183733,11220,6700,1224,1403,774,347,53442,97|157|164
4.42953,0,29,63,183733,11220,6700,1224,1403,774,347,53442,107|36|0|17|39|35|36|84|160|192|147|66|6|-17|-12|6|44|87|116|116|93|69|21|-37
4.46301,0,29,63,183733,11220,6700,1224,1403,774,347,53442,-59|-44|-12|38|100|144|152|116|56|10|-14|-13|12|70|131|164|154|114|51|-12|-65|-75|-39|11
4.49616,0,29,63,183733,11220,6700,1224,1403,774,347,53442,61|115|144|125|86|26|-35|-55
4.52972,0,29,63,183733,11220,6700,1224,1403,774,347,53442,-25|29|87|124|137|128|96|42|-17|-61|-71|-35|38|120|163|145
4.5638,0,29,63,183733,11220,6700,1224,1403,774,347,53442,105|68|24|-9|-5|36|89|136|162|148|112|66|13|-51|-92|-81|7|116|167|168|155|115|50|6
4.59784,0,29,63,183733,11220,6700,1224,1403,774,347,53442,2|22|52|88|135|165|160|118|65|16|-20|-17|24|71|114|149|154|125|69|5|-37|-38|-4|57
4.63179,0,29,63,183733,11220,6700,1224,1403,774,347,53442,133|173|167|141|109
4.66519,0,29,63,183733,11220,6700,1224,1403,774,347,53442,70|28|6|25|69|117|154|169|148|104|50|-1|-29|-18|25|72|101|112|113
4.69894,0,29,63,183733,11220,6700,1224,1403,774,347,53442,90|49|9|-12|-6|32|84|139|181|179|129|68|23|-5|-28|-36|-2|56|96|93|69|37|11|-17
4.73315,0,29,63,183733,11220,6700,1224,1403,774,347,53442,-44|-39|0|45|92|131|128|89|41|-1|-12|-4|4|23|54|65
4.76781,0,29,63,183733,11220,6700,1224,1403,774,347,53442,50|37|27|5|-35|-58|-24|39
4.80145,0,29,63,183733,11220,6700,1224,1403,774,347,53442,100|152|162|116|60|32|26|41|70|99|129|155|166|144|86|21|-22|-25|-5|35|90|138|160|160
4.83503,0,29,63,183733,11220,6700,1224,1403,774,347,53442,125|60|-2|-39|-36|-2|45|87|116|146|149|98|25|-27|-41|-6|51|105|146|152|117|60|9|-27
4.86826,0,29,63,183733,11220,6700,1224,1403,774,347,53442,-26|12|60|103|149
4.90281,0,29,63,183733,11220,6700,1224,1403,774,347,53442,186|168|102|33|-7|-9|-3|4|52|133|202|218|172|104|49|8|4|17|49
4.93647,0,29,63,183733,11220,6700,1224,1403,774,347,53442,100|144|148|115|68|29|12|17|39|85|135|169|179|150|89|22|-27|-52|-44|-8|34|84|108|75
4.97019,0,29,63,183733,11220,6700,1224,1403,774,347,53442,11|-43|-66|-52|-21|20|68|116|154
5.00457,0,29,63,183733,11220,6700,1224,1403,774,347,53442,155|114|55|7|-22|-22|6|59|119|150|135|89|48|12|-8|-1|36|84|140|184|182|141|101
5.03825,0,29,63,183733,11220,6700,1224,1403,774,347,53442,67|35|8|-1|12|60|112|138|132|76|10|-28|-38|-19|17|56|92|134|154|130
5.07227,0,13,74,211251,29597,16909,2468,1411,1088,339,51519,82|34|-6|-13|8|44|99|150|180|167|107|40|-5|-30|-20|19
5.10674,0,13,74,211251,29597,16909,2468,1411,1088,339,51519,77|123|130|107|75|25|-20|-21|0|21|71|154|202|179|124
5.14088,0,13,74,211251,29597,16909,2468,1411,1088,339,51519,82|54|21|20|81|156|214|242|242|218|157|81|23|6|27|77|128|152|166|161|124|68|18|5
5.17494,0,13,74,211251,29597,16909,2468,1411,1088,339,51519,34|66|102|150|179|155|96|37|1|-12|-10|22|88
5.20819,0,13,74,211251,29597,16909,2468,1411,1088,339,51519,137|151|131|89|40|-7|-44|-52|-12|55|115
5.24249,0,13,74,211251,29597,16909,2468,1411,1088,339,51519,140|152|146|98|25|-20|-23|5|50|100|146|166|147|102|53|11|-9|-2|35|87|134|152|131|83
5.27663,0,13,74,211251,29597,16909,2468,1411,1088,339,51519,36|16|18|33|66|119|177|194|165|104|24|-35|-55|-24|33|92
5.31112,0,13,74,211251,29597,16909,2468,1411,1088,339,51519,144|170|184|181|137|69|9|-6|12|52|112|163|182|162|112|53
5.34393,0,13,74,211251,29597,16909,2468,1411,1088,339,51519,-6|-35|-19|23|72|115|130|114|83|34|-10|-29|-21|5|41|103
5.37685,0,13,74,211251,29597,16909,2468,1411,1088,339,51519,151|151|107|41|-22|-55|-45|-9|23|58|107|144|136|80|1|-54|-55|-12|48|98|122|133|109|58
5.40994,0,13,74,211251,29597,16909,2468,1411,1088,339,51519,11|-23|-58|-66|-20|57|125|151|121|56|1|-23|-23|-24|-5|40|97
5.44337,0,13,74,211251,29597,16909,2468,1411,1088,339,51519,136|155|140|87|25|-5|0
5.47721,0,13,74,211251,29597,16909,2468,1411,1088,339,51519,27|71|118|152|171|169|117|37|-23|-35|-2|39|74|115|151|150|101|28|-25|-51|-39|5|69|120
5.51169,0,13,74,211251,29597,16909,2468,1411,1088,339,51519,153|168|146|100|61|44|38|56|114|172|196|166|104|58|53|69|52|24|50|133|209|214|154|76
5.54563,0,13,74,211251,29597,16909,2468,1411,1088,339,51519,10|-19|-19|3|38|85|133|160|137|92|57|23|-21
5.57955,0,13,74,211251,29597,16909,2468,1411,1088,339,51519,-51|-26|33|92|140|147|108|50|-10|-49|-52
5.61387,0,13,74,211251,29597,16909,2468,1411,1088,339,51519,-26|13|70|117|123|101|60|21|-11|-35|-40|-26|10|59|112|133|105|32|-50|-77|-49|1|37|73
5.64689,0,13,74,211251,29597,16909,2468,1411,1088,339,51519,116|131|90|9|-45|-59|-56|-42|-6|56|120|139|103|43|5|-13|-29|-33|1|58|114|140
5.68052,0,13,74,211251,29597,16909,2468,1411,1088,339,51519,122|72
5.71451,0,13,74,211251,29597,16909,2468,1411,1088,339,51519,13|-23|-26|-4|29|80|124|145|150|141|101|51|22|20|45|93|144|169|164|118|52|-1|-17|-3
5.74852,0,13,74,211251,29597,16909,2468,1411,1088,339,51519,25|59|98|121|139|132|83|34|9|8|40|112|194|247|251|197|117|51|20|10|8|20|55|102
5.78241,0,13,74,211251,29597,16909,2468,1411,1088,339,51519,134|117|70|22|-10|-34|-40|-17|37|106|176|196|162|91
5.81621,0,13,74,211251,29597,16909,2468,1411,1088,339,51519,17|-37|-59|-53|-17|42|92|102|76|41|7|-25|-43|-21|33|99|153|188
5.85076,0,13,74,211251,29597,16909,2468,1411,1088,339,51519,188|151|96|42|8|13|51|90|128|152|163|129|72|20|-19|-39|-27|21|93|146|163
5.88467,0,13,74,211251,29597,16909,2468,1411,1088,339,51519,130|55|-1
5.91833,0,13,74,211251,29597,16909,2468,1411,1088,339,51519,-19|-18|-5|21|75|137|151|125|90|57|37|33|35|60|103|145|177|153|84|17|-7|-18|-53|-45
5.95305,0,13,74,211251,29597,16909,2468,1411,1088,339,51519,74|199|226|183|115|52|18|6|2|10|35|73|121|145|115|57|-6|-54|-66|-42|-6|41|101|146
5.9864,0,13,74,211251,29597,16909,2468,1411,1088,339,51519,161|123|66|12|-7|7|55|123|180|200|192|152|85|16|-3|24
6.02076,0,13,74,211251,29597,16909,2468,1411,1088,339,51519,64|104|152|184|173|134|87|43
6.05463,0,3,87,372733,54411,19161,8829,5471,1658,1706,209671,6|-10|9|55|105|147|163|148|99|36|-17|-41|-19|36|100|139|150|124|65|-2
6.0886,0,3,87,372733,54411,19161,8829,5471,1658,1706,209671,-51|-68|-44|11|81|144|182|170|116|51|9|-18|-29|-1|68|145|197|198|147|76|20|-19|-49|-50|-10|52|112|145|148
6.12228,0,3,87,372733,54411,19161,8829,5471,1658,1706,209671,124|68|6
6.15656,0,3,87,372733,54411,19161,8829,5471,1658,1706,209671,-24|-8|35|93|146|153|115|59|17|-21|-38|-26|-2|41|102|162|184|155|96|35|-1|-11|7|64
6.19077,0,3,87,372733,54411,19161,8829,5471,1658,1706,209671,124|166|178|148|83|17|-27|-67|-55|8|84|133|147|124|85|41|-2|-36|-52|-29|32|105|154|166
6.22446,0,3,87,372733,54411,19161,8829,5471,1658,1706,209671,115|21|-56|-83|-70|-26|32|91|129|134|113|75|48
6.25871,0,3,87,372733,54411,19161,8829,5471,1658,1706,209671,26|13|18|34|80|135|167|156|103|41|-9
6.29277,0,3,87,372733,54411,19161,8829,5471,1658,1706,209671,-43|-44|-10|44|115|163|154|98|28|-2|5|25|52|90|134|170|193|172|113|41|-4|-3|24|64
6.32636,0,3,87,372733,54411,19161,8829,5471,1658,1706,209671,112|152|170|151|99|39|-6|-6|22|42|66|103|133|120|68|1|-61|-94|-62|4|65|102|123|116
6.36057,0,3,87,372733,54411,19161,8829,5471,1658,1706,209671,67|21|2|-6|-17|-4|37|88
6.39385,0,3,87,372733,54411,19161,8829,5471,1658,1706,209671,132|147|117|51|-20|-71|-82|-43|28|93|115|105|70|26|2|-14
6.42792,0,3,87,372733,54411,19161,8829,5471,1658,1706,209671,-28|-17|36|113|166|182|161|115|70|25|-8|-11|28|83|125|144|136|118|75|9|-49|-55|0|64
6.46194,0,3,87,372733,54411,19161,8829,5471,1658,1706,209671,109|149|170|163|130|76|24|-9|-13|22|88|133|139|130|101|54|-5|-42|-36|4|75|137
6.49511,0,3,87,372733,54411,19161,8829,5471,1658,1706,209671,154|121
6.52884,0,3,87,372733,54411,19161,8829,5471,1658,1706,209671,74|41|22|2|-18|-3|53|121|160|151|103|34|-37|-74|-66|-35|6|50|72|71|58|25|-8|-29
6.56231,0,3,87,372733,54411,19161,8829,5471,1658,1706,209671,-18|32|93|166|234|261|225|141|54|0|-4|24|59|89|124|154|152|109|39|-25|-62|-55|-8|60
6.59556,0,3,87,372733,54411,19161,8829,5471,1658,1706,209671,138|180|166|122|80|43|13|-12|-18|17|74|120|137|122
6.62942,0,3,87,372733,54411,19161,8829,5471,1658,1706,209671,75|21|-20|-34|-5|48|104|140|157|148
6.66254,0,3,87,372733,54411,19161,8829,5471,1658,1706,209671,112|64|11|-35|-44|-2|66|120|156|169|140|83|11|-42|-42|0|60|118|160|173|148|89|41|5
6.69553,0,3,87,372733,54411,19161,8829,5471,1658,1706,209671,-1|41|89|135|182|197|178|128
6.72867,0,3,87,372733,54411,19161,8829,5471,1658,1706,209671,67|26|7|-2|1|23|71|128|150|113|44|3|-8|-19|-25|-2|48|92|102|82|43|6|-36|-61
6.76311,0,3,87,372733,54411,19161,8829,5471,1658,1706,209671,-26|39|100|137|149|132|80|34|9|2|3|35|85|139|182|183|139|67|-8|-44|-41|-5|56|113
6.79667,0,3,87,372733,54411,19161,8829,5471,1658,1706,209671,141|147|124|84|35|-5|-23|6
6.83019,0,3,87,372733,54411,19161,8829,5471,1658,1706,209671,87|155|184|166|112|51|-1|-49|-68|-53|-8|49|99|108|76|24
6.86481,0,3,87,372733,54411,19161,8829,5471,1658,1706,209671,-27|-65|-71|-55|-24|32|108|156|146|108|67|29|20|38|59|73|99|135|152|124|68|13|-17|-33
6.89851,0,3,87,372733,54411,19161,8829,5471,1658,1706,209671,-22|17|76|129|137|101|64|34|17|11|22|43|89|150|169|134|82|35|2|-8|1
6.93281,0,3,87,372733,54411,19161,8829,5471,1658,1706,209671,28|65|103
6.96648,0,3,87,372733,54411,19161,8829,5471,1658,1706,209671,138|149|131|93|49|16|24|61|108|156|177|153|101|29|-38|-77|-85|-54|6|73|114|121|112|71
7.0003,0,3,87,372733,54411,19161,8829,5471,1658,1706,209671,22|-10|-29|-37|-12|32|83|121|123|69|-11|-59|-60|-49|-26|24|97|139|129|75|12|-35|-57|-50
7.03449,0,3,87,372733,54411,19161,8829,5471,1658,1706,209671,-8|50|100|129|140|131|88|34|-22|-55|-52|-33|4
7.06824,0,1,77,28436,311900,23309,4571,5789,2194,1482,214081,82|152|164|118|75|49
7.10281,0,1,77,28436,311900,23309,4571,5789,2194,1482,214081,19|7|26|83|144|169|151|117|71|19|-10|-5|18|39|59|93|121|107|60|18|-20|-42|-46|-27|19|87|124|107|72|43|23|10
7.13696,0,1,77,28436,311900,23309,4571,5789,2194,1482,214081,20|55|113|176|216|205|151|92|54|25|10|32|87|153|182|169
7.17046,0,1,77,28436,311900,23309,4571,5789,2194,1482,214081,132|87|44|13|3|0|25|91|155
7.20493,0,1,77,28436,311900,23309,4571,5789,2194,1482,214081,169|137|92|41|-13|-38|-14|35|97|161|198|176|113|37|-11|-19|7|48|87|119|146|146|120
7.23859,0,1,77,28436,311900,23309,4571,5789,2194,1482,214081,71|7|-27|-22|27|101|155|169|151|129|90|34|-17|-36|-13|41|99|140|156|124|55|-17|-68|-74
7.27258,0,1,77,28436,311900,23309,4571,5789,2194,1482,214081,-41|-4|56|128|168|181|165|118|48|-14|-34|16|105|178
7.30655,0,1,77,28436,311900,23309,4571,5789,2194,1482,214081,205|196|160|116|83|52|23|24|74|145
7.34102,0,1,77,28436,311900,23309,4571,5789,2194,1482,214081,182|186|153|105|68|44|34|40|81|139|196|212|185|123|41|-23|-53|-35|5|55|117|162|151|89
7.37463,0,1,77,28436,311900,23309,4571,5789,2194,1482,214081,5|-57|-62|-28|3|42|107|167|170|113|33|-30|-75|-91|-68|0|90|156|157|80|-34|-87|-57|-12
7.40897,0,1,77,28436,311900,23309,4571,5789,2194,1482,214081,33|87|147|209|272|300|279|216
7.44244,0,1,77,28436,311900,23309,4571,5789,2194,1482,214081,134|70|66|102|163|228|253|208|129|68|11|-43|-59|-17|66|160
7.47607,0,1,77,28436,311900,23309,4571,5789,2194,1482,214081,215|202|122|16|-65|-93|-83|-43|26|123|211|251|230|136|16|-74|-93|-66|-27|29|123|195|182|98
7.50985,0,1,77,28436,311900,23309,4571,5789,2194,1482,214081,-8|-117|-189|-193|-115|24|170|250|243|162|55|-33|-100|-138|-133|-55
7.54279,0,1,77,28436,311900,23309,4571,5789,2194,1482,214081,72|173|194|132|28|-75|-154|-172
7.5767,0,1,77,28436,311900,23309,4571,5789,2194,1482,214081,-124|-28|89|187|229|212|136|20|-90|-155|-148|-73|50|168|234|218|132|41|-28|-87|-98|-42|70|201
7.61094,0,1,77,28436,311900,23309,4571,5789,2194,1482,214081,297|316|235|107|-2|-65|-83|-71|-5|103|204|245|172|38|-46|-52|-22|-5|25|98|195|256|233|153
7.64481,0,1,77,28436,311900,23309,4571,5789,2194,1482,214081,72|24|-12|-34|7|106|221|308
7.6787,0,1,77,28436,311900,23309,4571,5789,2194,1482,214081,313|220|76|-23|-41|-26|-8|37|121|192|204|153|52|-45|-116|-140
7.71301,0,1,77,28436,311900,23309,4571,5789,2194,1482,214081,-114|-40|53|153|225|211|124|27|-26|-44|-43|-33|-4|42|85|86|49|7|-17|-35|-46|-18|53|125
7.74711,0,1,77,28436,311900,23309,4571,5789,2194,1482,214081,168|173|148|93|28|-11|-7|34|86|147|201|220|186|106|20|-33|-41|-24|9|60|108|137|124|85
7.7803,0,1,77,28436,311900,23309,4571,5789,2194,1482,214081,43|27|22|18|45|112
7.81421,0,1,77,28436,311900,23309,4571,5789,2194,1482,214081,171|204|195|136|64|20|10|22|52|104|147|170|180|153|89|7|-52|-68
7.84878,0,1,77,28436,311900,23309,4571,5789,2194,1482,214081,-45|11|89|150|164|124|64|-3|-53|-73|-69|-29|27|74|97|90
7.88223,0,1,77,28436,311900,23309,4571,5789,2194,1482,214081,82|68|24|-26|-23|25|73|120|177|200|153|68|24|33|45|58|96|137|166|169|137|73|7|-25
7.91579,0,1,77,28436,311900,23309,4571,5789,2194,1482,214081,-20|5|36|67|93|112|101|68
7.94906,0,1,77,28436,311900,23309,4571,5789,2194,1482,214081,20|-50|-92|-77|-20|41|90|131|145|118|59|-8|-67|-78|-45|9|71|107|92|41|-11|-43|-57|-56
7.9822,0,1,77,28436,311900,23309,4571,5789,2194,1482,214081,-33|22|86|129|141|120|70|9|-38|-71|-74|-27|51|112|122|107|72|17|-37|-61|-50|-10|39|88
8.01558,0,1,77,28436,311900,23309,4571,5789,2194,1482,214081,134|161|139|86|37|-2
8.04892,0,1,70,317799,80317,18597,13077,16174,12378,2387,313917,-33|-20|51|132|166|171|173|172|138|82|43|52|104|176
8.08228,0,1,70,317799,80317,18597,13077,16174,12378,2387,313917,217|231|220|165|87|21|-5|16|71|139|195|220|213|173|108|45|5|-1|23|61|117
8.11683,0,1,70,317799,80317,18597,13077,16174,12378,2387,313917,155|147|100|32|-37|-71|-43|23|72|112|150|169|150|92|22|-33|-54|-33|12|69|119|136|101|26|-59|-119|-132
8.15105,0,1,70,317799,80317,18597,13077,16174,12378,2387,313917,-113|-62|21|117|155|130|86|54
8.18464,0,1,70,317799,80317,18597,13077,16174,12378,2387,313917,23|-6|-28|-24|22|88|129|123|88|45|17|-2|-18|-13|12|54|100|123|104|43|-28|-91|-120|-100
8.2188,0,1,70,317799,80317,18597,13077,16174,12378,2387,313917,-61|-17|40|97|107|80|36|-6|-33|-28|1|50|96|121|124|84|18|-33|-49|-39|-10
8.25205,0,1,70,317799,80317,18597,13077,16174,12378,2387,313917,34|89|130
8.28526,0,1,70,317799,80317,18597,13077,16174,12378,2387,313917,130|89|28|-25|-38|-4|49|89|133|178|204|195|162|108|55|16|11|65|138|187|180|146|103|57
8.31944,0,1,70,317799,80317,18597,13077,16174,12378,2387,313917,17|-5|7|52|108|164|200|210|184|121|50|7|5|17|36|74|128|153|130|57|-19|-58|-52|-2
8.35382,0,1,70,317799,80317,18597,13077,16174,12378,2387,313917,57|93|119|148|152|113|54|-5|-43|-34|17|80|137
8.38795,0,1,70,317799,80317,18597,13077,16174,12378,2387,313917,165|147|101|53|21|4|1|12|41|90|135
8.422,0,1,70,317799,80317,18597,13077,16174,12378,2387,313917,134|93|38|-10|-39|-24|24|69|105|138|156|145|99|54|24|0|-1|29|74|112|124|123|112|86
8.45542,0,1,70,317799,80317,18597,13077,16174,12378,2387,313917,44|10|-3|39|128|208|234|208|154|97|52|27|26|38|71|108|125|121|91|37|-18|-58|-81|-68
8.49,0,1,70,317799,80317,18597,13077,16174,12378,2387,313917,-19|54|122|149|137
8.52341,0,1,70,317799,80317,18597,13077,16174,12378,2387,313917,104|50|-1|-37|-26|37|116|177|202|180|116|56|13|-7|-10|16|75|140|188
8.55693,0,1,70,317799,80317,18597,13077,16174,12378,2387,313917,196|161|101|33|-23|-29|2|52|90|114|115|86|56|37|16|0|5|58|156|241|244|187|131|97
8.59026,0,1,70,317799,80317,18597,13077,16174,12378,2387,313917,68|40|35|58|91|117|134|135|104|53|6|-13|-2|29|77|123
8.6245,0,1,70,317799,80317,18597,13077,16174,12378,2387,313917,152|162|135|67|-2|-35|-26|6
8.65867,0,1,70,317799,80317,18597,13077,16174,12378,2387,313917,34|65|108|147|152|114|41|-20|-44|-19|32|74|114|151|146|87|32|5|-12|-21|-14|27|89|109
8.69282,0,1,70,317799,80317,18597,13077,16174,12378,2387,313917,87|54|19|-17|-36|-35|-4|45|98|136|157|132|61|-6|-29|-27|-8|36|87|118|139|151|115|43
8.72617,0,1,70,317799,80317,18597,13077,16174,12378,2387,313917,-23|-49|-7|60|116|148|171|179
8.76046,0,1,70,317799,80317,18597,13077,16174,12378,2387,313917,138|71|22|-4|-9|16|59|101|130|137|106|32|-37|-71|-71|-41
8.79411,0,1,70,317799,80317,18597,13077,16174,12378,2387,313917,10|81|135|145|112|64|12|-23|-42|-29|5|58|113|130|99|45|6|-8|-27|-38|-6|58|129|166
8.82755,0,1,70,317799,80317,18597,13077,16174,12378,2387,313917,149|99|44|24|20|19|33|56|98|137|149|125|87|48|18|5|22|70|131|156|140|105|48|-10
8.86206,0,1,70,317799,80317,18597,13077,16174,12378,2387,313917,-39|-41|-23|22|83
8.89557,0,1,70,317799,80317,18597,13077,16174,12378,2387,313917,131|155|164|145|101|54|21|20|52|107|160|181|173|136|73|10|-24|-9|41
8.92921,0,1,70,317799,80317,18597,13077,16174,12378,2387,313917,100|140|149|146|139|121|84|28|-6|7|56|105|139|150|132|87|26|-27|-55|-50|-1|82|151|187
8.96407,0,1,70,317799,80317,18597,13077,16174,12378,2387,313917,195|164|114|83|74|73|93|157|244|282|266|226|173|130|86|44
8.99771,0,1,70,317799,80317,18597,13077,16174,12378,2387,313917,35|73|133|179|193|148|59|-23
9.03134,0,1,70,317799,80317,18597,13077,16174,12378,2387,313917,-66|-62|-44|-9|54|114|130|117|86|21|-50|-77|-55|-5|54|98|131|146|122|72|3|-44
9.06578,0,7,63,554052,78661,6255,14230,12809,3014,2054,211095,-40|2|64|118|153|157|134|80|27|-1|-25|-26|8|76|136|155|121|59|19|-3|-14|-17|8|56|115|162|164
9.09929,0,7,63,554052,78661,6255,14230,12809,3014,2054,211095,128|72
9.13307,0,7,63,554052,78661,6255,14230,12809,3014,2054,211095,29|2|-2|21|53|98|163|204|171|80|-20|-81|-77|-43|16|112|212|253|211|117|39|-23|-89|-123|-67
9.16642,0,7,63,554052,78661,6255,14230,12809,3014,2054,211095,69|195|250|233|170|98|12|-50|-82|-60|40|180|275|273|197|105|20|-61|-117|-106|-24|88|179
9.20064,0,7,63,554052,78661,6255,14230,12809,3014,2054,211095,209|171|66|-55|-147|-177|-134|-34|89|178|197|168|108|40
9.23423,0,7,63,554052,78661,6255,14230,12809,3014,2054,211095,-8|-45|-74|-39|76|203|260|232|146|40
9.26839,0,7,63,554052,78661,6255,14230,12809,3014,2054,211095,-49|-102|-108|-75|-1|113|213|242|173|54|-46|-106|-117|-88|-11|96|192|232|188|87|-13|-88|-108|-87
9.30149,0,7,63,554052,78661,6255,14230,12809,3014,2054,211095,-23|92|211|258|219|132|38|-49|-101|-92|-41|39|131|209|233|172|69|-13|-86|-116|-74|24|134|203
9.33581,0,7,63,554052,78661,6255,14230,12809,3014,2054,211095,212|156|61|-14|-66|-87
9.3694,0,7,63,554052,78661,6255,14230,12809,3014,2054,211095,-50|39|145|235|265|219|123|23|-51|-102|-113|-67|24|135|209|197|118|12
9.40408,0,7,63,554052,78661,6255,14230,12809,3014,2054,211095,-73|-118|-98|-42|37|141|225|235|165|55|-23|-55|-52|-26|27|125|219|251|196|96|2|-65|-115|-120
9.43692,0,7,63,554052,78661,6255,14230,12809,3014,2054,211095,-54|61|167|204|180|107|20|-65
9.46971,0,7,63,554052,78661,6255,14230,12809,3014,2054,211095,-126|-126|-65|50|176|246|244|178|84|-4|-67|-81|-37|48|153|245|282|237|137|29|-43|-62|-28|40|136
9.50315,0,7,63,554052,78661,6255,14230,12809,3014,2054,211095,230|278|224|83|-59|-134|-133|-73|-1|87|194|262|264|195|76|-36|-101|-100|-37|77|199
9.53802,0,7,63,554052,78661,6255,14230,12809,3014,2054,211095,269|269|198|81|-41|-130|-132|-69
9.57127,0,7,63,554052,78661,6255,14230,12809,3014,2054,211095,11|101|194|232|195|98|-6|-74|-99|-61|20|121|213|247|198|101|8|-55
9.60571,0,7,63,554052,78661,6255,14230,12809,3014,2054,211095,-92|-73|1|107|219|290|264|154|18|-73|-104|-97|-52|28|148|250|278|208|70|-41|-105|-138|-137|-73
9.63905,0,7,63,554052,78661,6255,14230,12809,3014,2054,211095,50|171|218|166|64|-33|-100|-129|-109|-38|73|176|227|209|130|20
9.67276,0,7,63,554052,78661,6255,14230,12809,3014,2054,211095,-76|-130|-125|-67|43|176|259|252
9.70573,0,7,63,554052,78661,6255,14230,12809,3014,2054,211095,177|66|-29|-84|-94|-59|27|144|233|259|211|121|27|-42|-94|-99|-24|98|211|249|186|73|-40|-125
9.7392,0,7,63,554052,78661,6255,14230,12809,3014,2054,211095,-161|-141|-77|24|146|242|253|180|82|3|-50|-74|-46|44|172|260|252|171|68|-24|-100|-131|-102|-11
9.77329,0,7,63,554052,78661,6255,14230,12809,3014,2054,211095,112|217|258|203|98
9.80789,0,7,63,554052,78661,6255,14230,12809,3014,2054,211095,0|-60|-81|-59|4|116|228|279|242|138|16|-73|-106|-99|-41|59|173|240|227
9.84161,0,7,63,554052,78661,6255,14230,12809,3014,2054,211095,155|58|-36|-83|-60|0|84|178|249|262|210|121|23|-60|-102|-81|2|132|244|276|234|149|44|-22
9.87586,0,7,63,554052,78661,6255,14230,12809,3014,2054,211095,-39|-18|25|109|211|267|245|154|42|-40|-85|-88|-35|60|162|214|200|145|57|-36|-119|-149
9.90871,0,7,63,554052,78661,6255,14230,12809,3014,2054,211095,-90|17
9.94232,0,7,63,554052,78661,6255,14230,12809,3014,2054,211095,121|188|195|146|55|-26|-88|-130|-123|-50|73|181|228|194|104|4|-86|-136|-118|-40|77|181|224|197
9.97712,0,7,63,554052,78661,6255,14230,12809,3014,2054,211095,115|17|-52|-68|-43|12|100|200|283|301|227|90|-20|-74|-102|-99|-28|96|211|242|177|75|-6|-52|-71
10.0104,0,7,63,554052,78661,6255,14230,12809,3014,2054,211095,-72|-22|93|213|263|221|123|19|-57|-106|-116|-76|24
10.0443,0,30,74,164714,35899,64541,4002,934,12039,604,165546,156|256|268|209|108|8
10.0782,0,30,74,164714,35899,64541,4002,934,12039,604,165546,-56|-74|-42|42|148|216|231|193|118|23|-66|-106|-85|-2|120|217|232|185|114|21|-73|-131|-110|-34|84|197|245|218|138|40|-41|-90
10.1126,0,30,74,164714,35899,64541,4002,934,12039,604,165546,-97|-55|34|154|244|248|185|103|28|-41|-92|-76|23|147|218|231
10.1471,0,30,74,164714,35899,64541,4002,934,12039,604,165546,189|101|25|-18|-44|-49|1|97
10.1801,0,30,74,164714,35899,64541,4002,934,12039,604,165546,194|246|228|154|39|-73|-121|-94|-19|69|152|214|208|130|18|-77|-119|-98|-30|67|176|251|277|226
10.2133,0,30,74,164714,35899,64541,4002,934,12039,604,165546,119|7|-68|-87|-51|36|153|265|306|246|129|5|-75|-98|-72|-11|89|202|268|247|147|26|-65|-106
10.2481,0,30,74,164714,35899,64541,4002,934,12039,604,165546,-99|-45|40|145|226|247|185|49
10.2816,0,30,74,164714,35899,64541,4002,934,12039,604,165546,-82|-135|-117|-68|9|114|203|227|172|61|-56|-140|-174|-151|-72|44
10.3154,0,30,74,164714,35899,64541,4002,934,12039,604,165546,169|245|218|113|-5|-76|-90|-65|-8|96|219|290|262|166|57|-29|-84|-89|-39|56|163|243|263|216
10.3496,0,30,74,164714,35899,64541,4002,934,12039,604,165546,124|27|-42|-60|-11|59|137|202|225|184|93|-5|-70|-83|-60|-8
10.3834,0,30,74,164714,35899,64541,4002,934,12039,604,165546,87|193|248|235|163|58|-34|-81
10.4174,0,30,74,164714,35899,64541,4002,934,12039,604,165546,-68|-13|55|140|213|226|167|66|-27|-99|-120|-75|27
10.4521,0,30,74,164714,35899,64541,4002,934,12039,604,165546,154|237|236|170|82|-4|-76|-107|-81|0|107|204|252|234|152|39|-57|-106|-85|-12|87|193|248|233|156|54|-33|-74|-68|-9|80|180|259|263|181
10.4853,0,30,74,164714,35899,64541,4002,934,12039,604,165546,48|-60|-104|-94|-51|20|118|236|308|256|116|-7|-66|-85|-84|-37
10.5195,0,30,74,164714,35899,64541,4002,934,12039,604,165546,70|200|264|226|114|-9|-93|-121
10.5536,0,30,74,164714,35899,64541,4002,934,12039,604,165546,-91|-14|87|186|233|214|141|40|-49|-98|-97|-60|7|114|219|266|214|98|-21|-93|-106|-66|18|124
10.5875,0,30,74,164714,35899,64541,4002,934,12039,604,165546,216|258|219|121|12|-66|-104|-89|-9|106|197|227|195|109|20|-39|-76|-88|-43|50|157|231|226|147
10.6213,0,30,74,164714,35899,64541,4002,934,12039,604,165546,38|-55|-117|-130|-86|8|123|205
10.6554,0,30,74,164714,35899,64541,4002,934,12039,604,165546,221|155|49|-39|-76|-72|-38|20|114|224|283|244|108|-46|-146|-150
10.6899,0,30,74,164714,35899,64541,4002,934,12039,604,165546,-74|37|161|269|327|296|199|71|-39|-91|-85|-42|39|136|209|224|145|-1|-130|-193|-184|-122|-18|100
10.7239,0,30,74,164714,35899,64541,4002,934,12039,604,165546,184|204|131|26|-36
10.7574,0,30,74,164714,35899,64541,4002,934,12039,604,165546,-74|-97|-75|2|133|249|294|256|154|38|-45|-76|-60|-7|81|178|237|230|164|74|-19|-104|-147|-119|-22|85|150|162|115|21|-75|-137|-151|-120|-34
10.7921,0,30,74,164714,35899,64541,4002,934,12039,604,165546,99|226|300|300|221|106|4|-55
10.8249,0,30,74,164714,35899,64541,4002,934,12039,604,165546,-50|18|118|203|241|199|101|-5|-94|-151|-158|-117|-26|85|185|204
10.8584,0,30,74,164714,35899,64541,4002,934,12039,604,165546,136|39|-35|-88|-102|-58|33|144|225|248|204|104|-4|-82|-104|-75|-8|100|216|282|264|176|60|-24
10.8929,0,30,74,164714,35899,64541,4002,934,12039,604,165546,-57|-33|33|122|210|244|211|136|41|-62|-149|-150|-70|52|181|256
10.9265,0,30,74,164714,35899,64541,4002,934,12039,604,165546,234|140|26|-57|-117|-137|-97|-4
10.9604,0,30,74,164714,35899,64541,4002,934,12039,604,165546,109|208|233|177|83|-2|-58|-61|-19|53|153|262|328|315|219|96|-9|-62|-54|11|117|220|288|282|200|87|-10|-86|-124|-93|17|149
10.9948,0,30,74,164714,35899,64541,4002,934,12039,604,165546,240|246|178|76|-26|-103|-123|-88
11.0286,0,30,74,164714,35899,64541,4002,934,12039,604,165546,-10|90|192|250|229|135|21|-69|-108|-78|1|101|209|288|300
11.0618,0,74,84,1220287,116865,48041,30796,15590,121612,2611,704168,246|144|37|-33|-45|-2|102|226|307|309|225|97|-17|-98|-125|-86|7|128|224|258|210|103|-12|-99|-131|-104|-25|97
11.0959,0,74,84,1220287,116865,48041,30796,15590,121612,2611,704168,214|265|234|138|20
11.1295,0,74,84,1220287,116865,48041,30796,15590,121612,2611,704168,-75|-124|-124|-66|48|169|230|208|135|54|-18|-67|-72|-23|76|202|288|297|235
11.1635,0,74,84,1220287,116865,48041,30796,15590,121612,2611,704168,129|22|-56|-75|-23|65|166|246|276|233|132|16|-73|-109|-88|-14|86|187|253|230|131|6|-84|-103|-73
11.1974,0,74,84,1220287,116865,48041,30796,15590,121612,2611,704168,-23|42|131|209|218|145|35|-69|-145|-156|-106|-12|97|166|170|121|43|-44|-116|-130
11.2312,0,74,84,1220287,116865,48041,30796,15590,121612,2611,704168,-101|-37|82
11.2658,0,74,84,1220287,116865,48041,30796,15590,121612,2611,704168,210|252|203|122|34|-45|-93|-81|-7|102|211|268|237|140|24|-67|-117|-118|-72|19|129|204|208|148
11.2998,0,74,84,1220287,116865,48041,30796,15590,121612,2611,704168,56|-42|-103|-108|-83|-8|107|204|227|169|71|-27|-101|-134|-104|-1|120|212|256|224|119|-7|-105|-139|-105
11.3327,0,74,84,1220287,116865,48041,30796,15590,121612,2611,704168,-35|64|170|251|263|179|49|-58|-108|-105|-53|45|163
11.3662,0,74,84,1220287,116865,48041,30796,15590,121612,2611,704168,252|256|168|58|-23|-69|-75|-65|-26|55
11.3999,0,74,84,1220287,116865,48041,30796,15590,121612,2611,704168,161|226|204|119|10|-76|-115|-77|19|139|241|280|240|151|48|-37|-76|-69|-23|67|181|253|246|169
11.4334,0,74,84,1220287,116865,48041,30796,15590,121612,2611,704168,67|-21|-76|-97|-73|6|130|235|274|218|103|-5|-61|-85|-84|-28|69|171|225|186|93|-6|-93|-138
11.4673,0,74,84,1220287,116865,48041,30796,15590,121612,2611,704168,-117|-53|38|150|230
11.5018,0,74,84,1220287,116865,48041,30796,15590,121612,2611,704168,228|153|43|-59|-130|-132|-73|37|154|237|262|221|123|-4|-108|-136|-101|-24|74
11.5355,0,74,84,1220287,116865,48041,30796,15590,121612,2611,704168,166|212|181|92|2|-62|-82|-55|2|97|201|261|242|160|55|-29|-84|-87|-41|55|167|234|226|145
11.5693,0,74,84,1220287,116865,48041,30796,15590,121612,2611,704168,25|-66|-102|-88|-34|50|151|229|246|203|117|20|-43|-72|-58|8|132|250|285|216|101|-3
11.6029,0,74,84,1220287,116865,48041,30796,15590,121612,2611,704168,-89|-149
11.636,0,74,84,1220287,116865,48041,30796,15590,121612,2611,704168,-162|-117|6|156|247|244|162|54|-26|-65|-57|-2|92|201|275|274|188|74|-24|-100|-131|-120|-55|65
11.6699,0,74,84,1220287,116865,48041,30796,15590,121612,2611,704168,178|215|163|51|-49|-99|-93|-57|0|91|202|259|228|132|10|-78|-117|-106|-53|49|154
11.7038,0,74,84,1220287,116865,48041,30796,15590,121612,2611,704168,217|208|128
11.7375,0,74,84,1220287,116865,48041,30796,15590,121612,2611,704168,21|-60|-118|-138|-92|19|149|233|240|185|104|6|-71|-92|-60|18|130|227|281|244|124|3|-61|-87|-83|-33|65|177|233|214
11.7714,0,74,84,1220287,116865,48041,30796,15590,121612,2611,704168,140|50|-26|-55|-23|39|124|216|283|282|203|97|5|-59|-77|-39|36|123
